date,channel_ID,consumer_ID,size_class,num_ind,num_guts,sample_ID,processed (Y/N),Notes,,,
June,1R3,Pota,4,4,3,1R3_JA,y,I switched the labelling system after the first three samples: vial label for flowcam is 1A1_J,,,
June,1R1,Pota,4,5,4,1R1_JA,y,1A2_J,,,
June,1R2,Pota,4,4,2,1R2_JA,y,1A3_J,,,
June,1P3,Pota,4,5,3,1P3_JA,,,,,
June,1P1,Pota,4,4,4,1P1_JA,y,,,,
June,1P2,Pota,4,4,3,1P2_JA,,,,,
June,2P1,Oligo,5,3,3,2P1_JO,,"removed as much worm as possible, but may have some in the sample",,,
June,2P1,Dikero,8,2,2,2P1_JD,,,,,
June,2P1,Gyralus,5,2,2,2P1_JG,,,,,
June,2P2,Dikero,8,2,2,2P2_JD,,,,,
June,2P2,Gyralus,5,2,1,2P2_JG,,,,,
June,2P2,Sericostomatidae,10,1,1,2P2_JS,,looks like leaf particles; diet items large ,,,
June,2P2,Oligo,5,4,3,2P2_JO,,,,,
June,2P3,Dikero,8,2,2,2P3_JD,,,,,
June,2P3,Oligo,5,3,3,2P3_JO,,,,,
June,2R1,Gyralus,5,2,2,2R1_JG,,,,,
June,2R1,Dikero,5,2,2,2R1_JD,,,,,
June,3P1,Dikero,8,3,3,3P1_JD,,,,,
June,3P1,Pota,4,8,3,3P1_JP,,couldn't extract the guts very well; lots of smaller ind ,,,
June,3P1,Oligo,8,4,,,,,,,
June,3P2,Dikero,8,3,2,3P2_J_Dikero,,,,,
June,3P2,Pota,4,3,1,3P2J_Pota,,,,,
June,3P2,Oligo,8,3,3,3P2J_Oligo,,,,,
June,3P3,Radix,5,4,3,3P3J_Radix,,,,,
June,3P3,Physa,5,2,2,3P3J_Physa,,,,,
June,3R1,Radix,7,2,2,3R1J_Radix,,,,,
June,3R1,Ancylus,4,2,1,3R1J_Ancylus,,not much gut material,,,
June,3R1,Dikero,8,3,2,3R1J_Dikero,,,,,
June,3R3,Physa,8,3,2,3R3J_Physa,,,,,
June,4R1,Dikero,8,3,3,4R1J_Dikero,,,,,
June,4R1,Physa,7,3,3,4R1J_Physa,,,,,
June,4P1,Sericostomatidae,6,3,2,4P1J_Serico,,,,,
June,4P1,Radix,7,3,2,4P1J_Radix,,,,,
June,4P1,Oligo,10,3,3,4P1J_Oligo,,,,,
June,4P2,Dikero,8,3,2,4P2J_Dikero,,,,,
June,4P2,Radix ,7,3,3,4P2J_Radix ,,,,,
June,4P2,Sericostomatidae,10,1,1,4P2J_Serico,,,,,
June,5P1,Pota,4,1,1,5P1J_Pota,,,,,
June,5P1,Oligo,15,3,3,5P1J_Oligo,,,,,
June,5P1,Duges,9,4,0,NA,,couldn’t find guts. Food starts at pharynx (white tube dorsal midline),,,
June,5R2,Dikero,8,3,3,5R2J_Dikero ,, 3 branch gut 1 piece anterior 2 posterior ,,,
June,5R2,Radix,8,2,2,5R2J_Radix ,,,,,
June ,5R2,Aquat ,5,1,1,5R2J_Aquat,,,,,
June ,5P2,Pota ,4,2,1,5P2J_Pota ,,,,,
June ,5P2,Duges ,7,4,0,NA,,still no luck. Sources im seeing imply that guts wont be seen unless ,,,
June ,5P3,Dikero,7,3,3,5P3J_Dikero,,the food was dyed ,,,
June,5P3,Pota,3,4,2,5P3J_Pota,,,,,
June ,6P1,Radix ,7,4,4,6P1J_Radix ,,,,,
June ,6P1,Elmidae,3,1,0,NA,,"tubular for-,mid-,hindgut system, not seen this specimen ",,,
June ,6P1,Oligo,7,3,2,6P1J_Oligo,,,,,
June ,6P1,Chiron,7,3,3,6P1J_Chiron,,,,,
June ,6R1,Radix ,6,3,3,6R1J_Radix  ,,,,,
June ,6R1,Pota ,5,4,2,6R1J_Pota ,,very minimal gut contents ,,,
June ,6R1,Ancylus,4,3,1,6R1J_Ancylus ,,,,,
June ,6R2,Dikero ,10,3,2,6R2J_Dikero,,no guts in 1 ,,,
June ,6P3,Oligo,4,3,3,6P3J_Oligo ,,,,,
June ,7P1,Pota,5,6,5,7P1J_Pota ,,,,,
June ,7P1,Aquat ,5,5,5,7P1J_Aquat,,,,,
June ,7P1,Gyralus,4,2,2,7P1J_Gyralus,,,,,
June ,7P2,Oligo,10,3,3,7P2J_Oligo,,,,,
June ,7P2,Dikero ,7,4,3,7P2J_Dikero,,minimal guts in all spc ,,,
June,7R3,Dikero,7,4,3,7R3J_Dikero ,,,,,
June,8R1 ,Hydrop,1,3,0,NA,,"too small, maybe had 1 piece and lost it in the pipet (very abundant in this sample) ",,,
June,8R1,Duges,2,2,1,8R1J_Duges,,"these might be gut contents, had pigmented structure internally that looked different from the rest ",,,
June,8R1,Pota,4,4,3,8R1J_Pota,,,,,
June,8R1,Radix ,8,3,0,NA,,Gut tube found but empty in all 3 spc ,,,
June,8R1,Ancylus,2,2,0,NA,,,,,
June,8R2,Radix ,9,4,2,8R2J_Radix,,no a lot of guts all through flume 8 so far ,,,
June,8R2,Ancylus,2,3,1,8R2J_Ancylus,,,,,
June,8P2,Chiron,3,3,3,8P2J_Chiron,,,,,
June,8P2,Dikero,9,3,3,8P2J_Dikero,,,,,
June,8P2,Oligo,10,2,2,8P2J_Oligo,,,,,
June,8P2,Oxyeth,3,2,0,NA,,,,,
June ,8P3,Pota ,3,4,3,8P3J_Pota ,,,,,
June,9P1,Dikero,6,2,2,9P1J_Dikero,,,,june-oct-aug-march ,
June,9P1,Pota ,4,4,4,9P1J_Pota ,,,,,
June,9P2,Oligo,12,4,4,9P2J_Oligo,,,,,
June,9P2,Aquat ,4,2,1,9P2J_Aquat,,,,,
June,9P2 ,Elmidae,3,2,1,9P2J_Elmidae,,"only Id able part is in foregut, grab head and last ab segment and pull. In a tube ",,,
June,9R3,Oligo,13,3,3,9R3J_Oligo,,,,,
June,9R3,Dikero,8,2,3,9R3J_Dikero ,,,,,
June ,9R3,Pota ,5,3,3,9R3J_Pota  ,,,,,
June,10P1,Oxyeth,2,3,1,10P1J_Oyxeth,,"green goo gut contents from piercing sucking FFG, max out the scope and be gentle ",,,
June ,10P1,Radix,7,2,2,10P1J_Radix ,,,,,
June ,10P1,Dikero ,8,3,2,10P1J_Dikero,,,,,
June ,10P1,Pota,5,3,2,10P1J_Pota ,,,,,
June ,10P2,Oligo,7,3,3,10P2J_Oligo,,,,,
June,10P2,Chiron,4,4,3,10P2J_Chiron,,,,,
June,10R3,Dikero,7,3,2,10R3J_Dikero,,,,,
June,10R3,Chiron,4,4,3,10R3J_Chiron ,,,,,
June,11R1 ,Pota ,4,4,3,11R1J_Pota ,,,,,
June ,11R1 ,Aquat ,4,2,1,11R1J_Aquat,,,,,
June ,11P2,Dikero,9,3,3,11P2J_Dikero,,,,,
June ,11P2,Oligo,10,4,4,11P2J_Oligo,,,,,
June,11P3,Elmidae,3,1,1,11P3J_Elmidae,,"goo came out with guts, collected with pipet and put into vial. Unknown what goo is but might be digested food?",,,
June ,11P3,Dikero,7,3,3,11P3J_Dikero,,,,,
June,11P3,Pota,5,4,3,11P3J_Pota ,,,,,
June ,11P3,Oligo,8,3,3,11P3J_Oligo,,,,,
June ,12P1,Dikero,7,3,3,12P1J_Dikero,,,,,
June,12P1,Oligo,9,3,3,12P1J_Oligo,,,,,
June,12P1,Chiron,6,1,1,12P1J_Chiron,,,,,
June ,12R1,Pota ,5,3,1,12R1J_Pota,,,,,
June,12R1,Aquat ,5,2,1,12R1J_Aquat,,,,,
June,12P3,Radix,3,4,4,12P3J_Radix,,,,,
June ,12P3,Ancylus,3,1,1,12P3J_Ancylus,,,,,
June ,13R1,Gyralus,1,1,0,NA,,,,,
June,13R1,Ancylus,3,4,2,13R1J_Ancylus,,,,,
June,13R1,Chiron,6,1,1,13R1J_Chiron,,,,,
June,13P1,Aquat ,6,4,4,13P1J_Aquat,,,,,
June,13P1,Oligo,7,3,3,13P1J_Oligo,,,,,
June,13P1,Dikero,5,3,2,13P1J_Dikero,,,,,
June,13P1,Gyralus,3,4,2,13P1J_Gyralus,,,,,
June ,13P2,Pota,4,4,2,13P2J_Pota ,,,,,
June ,13P2,Physa,4,1,1,13P2J_Physa,,,,,
June ,14R1,Ancylus,3,4,2,14R1J_Ancylus ,,"flume 14 has very few bugs, this sample will be small unless I do several replicates ",,,
June,14R1,Aquat ,4,2,2,14R1J_Aquat,,"Ancylus gut at tip of wizard hat, remove shell w/ caution ",,,
June,14P1,Dikero ,8,4,4,14P1J_Dikero,,,,,
June,14P1,Elmidae,3,1,0,NA,,,,,
June,14P1,Oligo,5,2,1,14P1J_Oligo,,,,,
June,14P2,Radix,11,1,0,NA,,no body inside ,,,
June ,14P2,Pota,2,2,0,NA,,too small ,,,
June ,15R1,Pota,4,4,3,15R1J_Pota ,,,,,
June,15P2,Dikero,7,4,3,15P2J_Dikero,,"no diversity in flume 15, ",,,
June,15P2,Gyralus,4,3,1,15P2J_Gyralus,,,,,
June,15P2,Oligo,11,3,3,15P2J_Oligo,,,,,
June,15P3,Ancylus,5,1,1,15P3J_Ancylus,,,,,
June,16R1,Radix,7,3,3,16R1J_Radix ,,,,,
June,16R1,Ancylus,4,3,2,16R1J_Ancylus,,"2/3 guts extracted, minimal contents, might be seen more under flow cam ",,,
June,16R1,Aquat ,4,1,1,16R1J_Aquat,,,,,
June,16P1,Pota,4,4,4,16P1J_Pota,,,,,
June,16P1,Elmidae,4,3,1,16P1J_Elmidae,,,,,
June,16P1,Oligo,9,1,1,16P1J_Oligo,,,,,
June,16P2,Dikero,6,4,2,16P2J_Dikero,,,,,
June,16P2,Chiron,7,3,3,16P2J_Chiron ,,,,,
June,16P3,Dikero,7,3,2,16P3J_Dikero,,,,,
June,16P3,Gyralus,3,3,3,16P3J_Gyralus,,,,,
October ,1P1,Pota,4,4,0,NA,,"Flume 1 only has  Pota and Dikero, 1 chiron, and oligo",,,
October ,1P1,Dikero ,8,3,2,1P1O_Dikero,,,,,chiron was only exoskeleton
October ,1R2,Pota,3,5,3,1R2O_Pota,,"more flesh than I would like, super small hard to separate ",,,
October ,1R2,Oligo,9,1,1,1R2O_Oligo,,,,,
October ,1P2,Dikero,12,5,2,1P2O_Dikero,,how was there nothing ,,,
October ,1P2,Oligo,6,3,3,1P2O_Oligo,,,,,
October ,2R1,Gyralus,10,4,2,2R1O_Gyralus,,Big Bugs through flume 2 ,,,
October ,2R1,Oligo,9,3,3,2R1O_Oligo,,so far Oligo guts seem different than in june,,,
October ,2R1,Aquat ,4,1,0,NA,,no guts,,,
October ,2R1,Baetidae,5,1,1,2R1O_Baetidae,,,,,
October ,2R2,Radix,10,1,1,2R2O_Radix,,,,,
October ,2R2,Pota,5,4,1,2R2O_Pota,,,,,
October ,2P3,Dikero,11,6,2,2P3O_Dikero,,either bigger dikero less food or oct. dikero are starving ,,,
October ,3R1,Dikero,6,3,2,3R1O_Dikero,,,,,
October ,3R1,Pota,5,4,4,3R1O_Pota ,,,,,
October ,3P2,Oligo,4,3,3,3P2O_Oligo,,,,,
October ,3P2,Gyralus,5,1,1,3P2O_Gyralus,,,,,
October ,3R3,Oligo,7,2,2,3R3O_Oligo,,,,,
October ,3R3,Chiron,3,1,0,NA,,,,,
October ,3R3,Gyralus,6,1,1,3R3O_Gyralus,,,,,
October ,4P1,Oligo,17,3,3,4P1O_Oligo,,,,,
October ,4P1,Radix,11,3,3,4P1O_Radix,,,,,
October ,4P1,Physa,10,1,1,4P1O_Physa,,,,,
October ,4R1,Aquat ,5,1,1,4R1O_Aquat,,,,,
October ,4R1,Physa,10,1,1,4R1O_Physa,,,,,
October ,4R2,Dikero,9,5,4,4R2O_Dikero,,,,,
October ,4R3,Pota,4,4,1,4R3O_Pota ,,,,,
October ,5P1,Aquat ,5,1,1,5P1O_Aquat,,,,,
October ,5P1,Oligo,17,4,4,5P1O_Oligo,,,,,
October ,5R1,Pota,2,1,0,NA,,,,,
October ,5R1,Chiron,4,1,0,NA,,,,,
October ,5R1,Aquat ,5,3,3,5R1O_Aquat,,,,,
October ,5P2,Chiron,4,1,1,5P2O_Chiron,,,,,
October ,5P3,Dikero,6,5,4,5P3O_Dikero,,,,,
October ,6P1,Pota,4,5,3,6P1O_Pota,,,,,
October ,6P1,Aquat ,5,2,2,6P1O_Aquat,,,,,
October ,6P1,Radix,7,3,3,6P1O_Radix,,,,,
October ,6R2,Dikero,5,2,1,6R2O_Dikero,,,,,
October ,6R2,Oligo,3,1,1,6R2O_Oligo,,,,,
October ,6P3,Dikero,5,4,4,6P3O_Dikero,,,,,
October ,6P3,Oligo,4,3,3,6P3O_Oligo,,,,,
October ,7P1,Aquat ,7,3,2,7P1O_Aquat,,,,,
October ,7P1,Pota,5,4,2,7P1O_Pota,,,,,
October ,7P2,Gyralus,5,1,1,7P2O_Gyralus,,,,,
October ,7P2,Radix,8,1,0,NA,,,,,
October ,7P2,Oligo,6,2,2,7P2O_Oligo,,,,,
October ,7P2,Dikero,6,2,2,7P2O_Dikero,,,,,
October ,8R1,Dikero,7,2,2,8R1O_Dikero,,,,,
October ,8R1,Ancylus,4,1,0,NA,,,,,
October ,8P2,Pota,4,4,4,8P2O_Pota,,,,,
October ,8P2,Radix,8,2,2,8P2O_Radix,,,,,
October ,8P2,Oligo,9,3,3,8P2O_Oligo,,,,,
October ,8P3,Dikero,10,3,2,8P3O_Dikero,,specimens very dark in this sample,,,
October ,9P1,Pota,4,3,2,9P1O_Pota,,,,,
October ,9P1,Dikero,9,3,3,9P1O_Dikero,,,,,
October ,9R3,Oligo,6,3,3,9R3O_Oligo,,"only Oligo, Pota, Dikero, and Duges in this flume ",,,
October ,9R3,Dikero,9,4,2,9R3O_Dikero,,,,,
October ,9R3,Pota ,5,4,4,9R3O_Pota,,gut contents very abundant ,,,
October ,10R1,Dikero,7,3,3,10R1O_Dikero,,,,,
October ,10R1,Aquat ,6,2,2,10R1O_Aquat,,,,,
October ,10R1,Simuliidae,6,1,1,10R1O_Simu,,,,,
October ,10P2,Pota,5,4,1,10P2O_Pota ,,,,,
October ,10P2,Oligo,7,4,4,10P2O_Oligo,,,,,
October ,10R3,Chiron,3,1,0,NA,,"ive been using the invertebrate data sheet to see what is in each flume, most samples are only pota, dikero, oligo, and duges. No replicates ",,,
October ,11P1 ,Dikero,10,4,3,11P1O_Dikero,,,,,
October ,11P1 ,Pota ,4,4,2,11P1O_Pota ,,,,,
October ,11R2,Ancylus,3,1,0,NA,,,,,
October ,11P3,Oligo,17,4,4,11P3O_Oligo,,,,,
October ,12P1 ,Chiron,6,1,1,12P1O_Chiron ,,,,,
October ,12P1,Pota,4,4,4,12P1O_Pota ,,,,,
October ,12P2,Gyralus,9,1,1,12P2O_Gyralus ,,,,,
October ,12R2,Radix,10,3,3,12R2O_Radix ,,,,,
October ,12R2,Dikero,6,4,4,12R2O_Dikero,,,,,
October ,12P3,Chiron,11,1,1,12P3O_Chiron,,,,,
October ,12P3,Oligo,6,3,3,12P3O_Oligo,,,,,
October ,13P1,Aquat ,5,4,2,13P1O_Aquat ,,,,,
October ,13P1,Pota ,4,4,3,13P1O_Pota ,,,,,
October ,13R2,Gyralus,3,1,0,NA,,,,,
October ,13R2,Simuliidae,2,1,1,13R2O_Simu,,,,,
October ,13P3,Dikero,7,4,2,13P3O_Dikero,,,,,
October ,13P3,Oligo ,14,4,3,13P3O_Oligo,,,,,
October ,14R1,Radix,11,1,1,14R1O_Radix ,,,,,
October ,14R1,Aquat ,4,3,2,14R1O_Aquat,,,,,
October ,14P2,Pota,4,4,2,14P2O_Pota,,,,,
October ,14P2,Dikero,11,4,3,14P2O_Dikero,,,,,
October ,14P3,Baetidae,5,1,1,14P3O_Baetidae,,,,,
October ,14P3,Oligo,7,4,4,14P3O_Oligo ,,,,,
October ,15R1,Pota,4,4,3,15R1O_Pota ,,,,,
October ,15P2,Oligo,15,4,5,15P2O_Oligo ,,,,,
October ,15P2,Dikero,12,4,4,15P2O_Dikero ,,,,,
October ,15P3,Gyralus,3,3,0,NA,,All shells empty ,,,
October ,16R1,Simuliidae,7,4,4,16R1O_Simu,,simuliidae very abundant,,,
October ,16R1,Ancylus,4,1,0,NA,,,,,
October ,16R1,Aquat ,5,1,1,16R1O_Aquat,,,,,
October ,16R3,Oligo,10,3,3,16R3O_Oligo,,,,,
October ,16R3,Chiron,3,1,0,NA,,,,,
October ,16R3,Pota,4,4,4,16R3O_Pota,,,,,
October ,16P3,Radix,9,3,3,16P3O_Radix ,,,,,
October ,16P3,Dikero,12,3,1,16P3O_Dikero ,,,,,
October ,16P3,Gyralus,4,1,1,16P3O_Gyralus ,,,,,
August,1P1,Pota,4,4,2,1P1A_Pota,,,,,
August,1P1,Aquat ,2,1,1,1P1A_Aquat ,,,,,
August,1R2,Chiron,2,1,0,NA,,,,,
August,1R2,Culicide,1,1,1,1R2A_Culicide ,,Guts Insainly small,,,
August,1P3,Dikero,7,3,3,1P3A_Dikero,,,,,
August,1P3,Oligo,7,3,3,1P3A_Oligo,,,,,
August,2P1,Radix ,10,1,1,2P1A_Radix ,,,,,
August,2P1,Pota,6,3,3,2P1A_Pota,,,,,
August,2P1,Dikero,10,4,4,2P1A_Dikero,,,,,
August,2P1,Oligo,4,3,3,2P1A_oligo ,,,,,
August,2R2,Gyralus,7,5,3,2R2A_Gyralus,,,,,
August,2P3,sericostomatidae ,12,1,1,2P3A_Serico,,very obviously shredder FFG ,,,
August,2P3,Dikero,8,3,3,2P3A_Dikero,,,,,
August,2P3,Oligo ,9,2,2,2P3A_Oligo,,"Oligo are darker colored and more ""durable"" ",,,
August,3P1,Physa,8,2,0,NA,,,,,
August,3P1,Radix,4,1,1,3P1A_Radix,,,,,
August,3P1,Pota,5,3,3,3P1A_Pota ,,,,,
August,3P1,Stratiomyidae,17,1,1,3P1A_Strat,,gut structure similar to sericostomatidae with goo like elmidae ,,,
August,3P2,Dikero,5,3,3,3P2A_Dikero,,,,,
August,3P2,Oligo,8,3,3,3P2A_Oligo,,oligo are harder to dissect in this month  ,,,
August,3R3,Gyralus,5,2,2,3R3A_Gyralus,,,,,
August,3R3,Aquat ,5,1,0,NA,,,,,
August,3R3,Physa,4,3,2,3R3A_Physa,,,,,
August,4P1,Dikero,9,3,3,4P1A_Dikero,,,,,
August,4P1,Gyralus,6,1,1,4P1A_Gyralus ,,,,,
August,4P1,Ancylus,3,1,0,NA,,,,,
August,4P1,Oligo,9,3,3,4P1A_Oligo,,,,,
August,4R2,Pota,4,4,1,4R2A_Pota ,,,,,
August,4R3,Radix ,6,3,0,NA,,,,,
August,4R3,Physa,7,3,2,4R3A_Physa,,,,,
August,5P1,Radix,11,2,1,5P1A_Radix ,,,,,
August,5P1,Chiron,3,2,2,5P1A_Chiron ,,,,,
August,5P1,Aquat ,7,4,1,5P1A_Aquat,,,,,
August,5P2,Oligo,7,3,3,5P2A_Oligo,,,,,
August,5P2,Dikero,8,2,3,5P2A_Dikero,,,,,
August,5R3,Pota,5,2,2,5R3A_Pota ,,,,,
August,5R3,Dikero,7,3,3,5R3A_Dikero,,,,,
August,6R1,Pota,5,4,3,6R1A_Pota ,,,,,
August,6R1,Radix ,9,4,3,6R1A_Radix ,,,,,
August,6P1,Aquat ,6,5,5,6P1A_Aquat ,,,,,
August,6P1,elmidae,4,2,2,6P1A_Elmidae,,,,,
August,6P1,Ancylus,3,1,0,NA,,,,,
August,6P3,Baetidae,3,2,0,NA,,too small no guts ,,,
August,6P3,Oligo,8,3,3,6P3A_Oligo,,,,,
August,6P3,Dikero,8,3,3,6P3A_Dikero,,,,,
August,7R1,Radix,10,2,2,7R1A_Radix ,,,,,
August,7R1,Aquat ,5,1,1,7R1A_Aquat,,,,,
August,7R1,Pota,5,4,2,7R1A_Pota ,,,,,
August,7P1,Aquat ,5,4,3,7P1A_Aquat,,,,,
August,7P1,Dikero,6,3,3,7P1A_Dikero,,,,,
August,7P1,Gyralus,5,1,1,7P1A_Gyralus ,,,,,
August,7R2,Chiron,3,1,0,NA,,"in pupa form, don’t eat while pupating ",,,
August,7P2,Oligo,10,3,3,7P2A_Oligo,,oligo very dark and hard to dissect in this month ,,,
August,8R1,Physa,7,3,3,8R1A_Physa ,,,,,
August,8R1,Radix,7,3,2,8R1A_Radix,,,,,
August,8R1,Aquat ,5,1,0,NA,,,,,
August,8P2,Pota,5,4,2,8P2A_Pota,,,,,
August,8P2,Oligo,7,3,3,8P2A_Oligo,,,,,
August,8P3,Dikero,10,4,4,8P3A_Dikero,,,,,
August,8P3,Chiron,9,2,2,8P3A_Chiron ,,,,,
August,8P3,Gyralus,5,1,,,,,,,